PartitionKey,RowKey,Timestamp,Firstname,Firstname@type,Lastname,Lastname@type,Phone,Phone@type,Email,Email@type
OdeToCode,f916430e-1d34-4fa2-9918-a734afe67fe9,2018-03-13T09:28:16.230Z,Scott,Edm.String,Allen,Edm.String,8790000801,Edm.String,OdeToCode@psmail.com,Edm.String
TheLoudSteve,06994132-636a-4662-b7c4-69ceccb2a6bc,2018-03-13T09:28:20.007Z,Steve,Edm.String,Evans,Edm.String,8790000812,Edm.String,TheLoudSteve@psmail.com,Edm.String
danwahlin,eab99fd2-ddb6-4361-ad84-ff17c97f3316,2018-03-13T09:28:16.900Z,Dan,Edm.String,Wahlin,Edm.String,8790000803,Edm.String,danwahlin@psmail.com,Edm.String
housecor,610bd0e5-0243-4d52-8adf-06b1324f7808,2018-03-13T09:28:17.640Z,Cory,Edm.String,House,Edm.String,8790000805,Edm.String,housecor@psmail.com,Edm.String
jeremybytes,34cc6200-269f-4a4d-bb47-3c10b61a4c7a,2018-03-13T09:28:17.977Z,Jeremy,Edm.String,Clark,Edm.String,8790000806,Edm.String,jeremybytes@psmail.com,Edm.String
john_papa,ee72748b-420d-4d63-aa37-d7834d0eae1d,2018-03-13T09:28:18.314Z,John,Edm.String,Papa,Edm.String,8790000807,Edm.String,john_papa@psmail.com,Edm.String
julielerman,94d41c1a-d0c6-47c1-bfc4-e9cc35f215fb,2018-03-13T09:28:19.668Z,Julie,Edm.String,Lerman,Edm.String,8790000811,Edm.String,julielerman@psmail.com,Edm.String
mcwoodring,6b20391a-acbe-4cab-b464-6e196985b952,2018-03-13T09:28:19.332Z,Mike,Edm.String,Woodring,Edm.String,8790000810,Edm.String,mcwoodring@psmail.com,Edm.String
robertsjason,0fcbaac0-14ce-4190-958d-700d739b52de,2018-03-13T09:28:18.996Z,Jason,Edm.String,Roberts,Edm.String,8790000809,Edm.String,robertsjason@psmail.com,Edm.String
shawnwildermuth,7419a140-d19e-425d-a888-c71df37d90fa,2018-03-13T09:28:17.304Z,Shawn,Edm.String,Wildermuth,Edm.String,8790000804,Edm.String,shawnwildermuth@psmail.com,Edm.String
skonnard,787b1c86-3740-48d4-94dd-c4de082fc7a3,2018-03-13T09:28:18.649Z,Aaron,Edm.String,Skonnard,Edm.String,8790000808,Edm.String,skonnard@psmail.com,Edm.String
troyhunt,ecca5d19-a5ca-419a-8306-90c70f4c6db9,2018-03-13T09:28:16.566Z,Troy,Edm.String,Hunt,Edm.String,8790000802,Edm.String,troyhunt@psmail.com,Edm.String
